tarih,dosya,okuyan,klasor,arkaplan
2026-10-01,Bakara_83-84,Muhammad Al-Luhaidan,sokak,pexels_39596659.mp4|pexels_10780740.mp4|pexels_31114777.mp4|pexels_39596808.mp4|pexels_36793354.mp4|pexels_35371964.mp4
2026-10-01,Bakara_85-86,Muhammad Al-Luhaidan,firtina,pexels_36738426.mp4|pexels_14034844.mp4|pexels_39024911.mp4|pexels_19036346.mp4|pexels_35450534.mp4|pexels_36330618.mp4
2026-10-01,Bakara_87-88,Muhammad Al-Luhaidan,karisik,pexels_30146916.mp4|pexels_37050869.mp4|pexels_34528535.mp4
2026-10-01,Bakara_89-91,Muhammad Al-Luhaidan,firtina,pexels_29326055.mp4|pexels_9322612.mp4|pexels_39103871.mp4|pexels_33143041.mp4|pexels_20414184.mp4|pexels_11564923.mp4
2026-10-01,Bakara_92-93,Muhammad Al-Luhaidan,karisik,pexels_26793261.mp4|pexels_37468856.mp4|pexels_38003078.mp4|pexels_36376317.mp4
2026-10-01,Bakara_94-96,Muhammad Al-Luhaidan,firtina,pexels_39553996.mp4|pexels_15296877.mp4|pexels_34677977.mp4
2026-10-01,Bakara_97-98,Muhammad Al-Luhaidan,gundogumu,pexels_12278135.mp4|pexels_29822947.mp4
2026-10-01,Bakara_99-101,Muhammad Al-Luhaidan,karisik,pexels_34715630.mp4|pexels_19181145.mp4|pexels_12101457.mp4
2026-10-01,Bakara_102,Muhammad Al-Luhaidan,karisik,pexels_30292400.mp4|pexels_10967245.mp4|pexels_39078940.mp4|pexels_28265425.mp4
2026-10-01,Bakara_103-105,Muhammad Al-Luhaidan,gundogumu,pexels_30733728.mp4|pexels_35637549.mp4|pexels_39552223.mp4
2026-10-01,Bakara_106-108,Muhammad Al-Luhaidan,yildizlar,pexels_39139504.mp4|pexels_39054455.mp4|pexels_37304500.mp4
2026-10-01,Bakara_109-110,Muhammad Al-Luhaidan,karisik,pexels_37462247.mp4|pexels_31322231.mp4|pexels_27972920.mp4|pexels_33892512.mp4|pexels_34234729.mp4
2026-10-01,Bakara_111-112,Muhammad Al-Luhaidan,gundogumu,pexels_11189371.mp4|pexels_12278362.mp4
2026-10-01,Bakara_113-115,Muhammad Al-Luhaidan,firtina,pexels_32719391.mp4|pexels_33638650.mp4|pexels_34531572.mp4|pexels_33638648.mp4|pexels_39670864.mp4
2026-10-01,Bakara_116-118,Muhammad Al-Luhaidan,yildizlar,pexels_29644226.mp4|pexels_38957094.mp4|pexels_30560632.mp4|pexels_18254971.mp4
2026-10-01,Bakara_119-121,Muhammad Al-Luhaidan,firtina,pexels_27806595.mp4|pexels_8514198.mp4|pexels_31319238.mp4|pexels_32256485.mp4|pexels_33526159.mp4
2026-10-01,Bakara_122-123,Muhammad Al-Luhaidan,karisik,pexels_35000440.mp4|pexels_15925684.mp4|pexels_32909168.mp4|pexels_38165922.mp4|pexels_28811251.mp4|pexels_30573057.mp4
2026-10-01,Bakara_124-126,Muhammad Al-Luhaidan,firtina,pexels_37872699.mp4|pexels_30358980.mp4|pexels_34688784.mp4|pexels_20213550.mp4|pexels_5057690.mp4
2026-10-01,Bakara_127-129,Muhammad Al-Luhaidan,gundogumu,pexels_12222644.mp4|pexels_39425593.mp4|pexels_35527464.mp4|pexels_35178038.mp4
2026-10-01,Bakara_130-132,Muhammad Al-Luhaidan,karisik,pexels_8062895.mp4|pexels_20752411.mp4|pexels_31184624.mp4
2026-10-01,Bakara_133-134,Muhammad Al-Luhaidan,karisik,pexels_15184363.mp4|pexels_26550447.mp4|pexels_4803051.mp4
2026-10-01,Bakara_135-137,Muhammad Al-Luhaidan,karisik,pexels_4536559.mp4|pexels_27770491.mp4|pexels_20456710.mp4|pexels_37674111.mp4|pexels_27153875.mp4|pexels_31740829.mp4
2026-10-01,Bakara_138-141,Muhammad Al-Luhaidan,firtina,pexels_39130215.mp4|pexels_13422097.mp4|pexels_12295796.mp4|pexels_39831591.mp4|pexels_6175187.mp4|pexels_33638649.mp4
2026-10-01,Bakara_142-143,Muhammad Al-Luhaidan,gundogumu,pexels_15365452.mp4|pexels_12278141.mp4|pexels_35781731.mp4|pexels_32634790.mp4|pexels_37365586.mp4|pexels_35918975.mp4
2026-10-01,Bakara_144-145,Muhammad Al-Luhaidan,firtina,pexels_6296992.mp4|pexels_35830786.mp4|pexels_31979057.mp4|pexels_38321123.mp4|pexels_35211012.mp4|pexels_31705190.mp4
2026-10-01,Bakara_146-148,Muhammad Al-Luhaidan,karisik,pexels_36054709.mp4|pexels_35284316.mp4|pexels_34512306.mp4|pexels_30303342.mp4
2026-10-01,Bakara_149-150,Muhammad Al-Luhaidan,firtina,pexels_28911911.mp4|pexels_39537199.mp4|pexels_38546572.mp4
2026-10-01,Bakara_151-152,Muhammad Al-Luhaidan,karisik,pexels_7681521.mp4|pexels_28191115.mp4
2026-10-01,Bakara_153-154,Muhammad Al-Luhaidan,karisik,pexels_12028409.mp4|pexels_29346829.mp4
2026-10-01,Bakara_155-157,Muhammad Al-Luhaidan,gundogumu,pexels_35634004.mp4|pexels_32239554.mp4|pexels_39350738.mp4|pexels_34910728.mp4
2026-10-01,Bakara_158-160,Muhammad Al-Luhaidan,gundogumu,pexels_12278134.mp4|pexels_35591202.mp4|pexels_29976399.mp4
2026-10-01,Bakara_161-163,Muhammad Al-Luhaidan,firtina,pexels_39103871.mp4|pexels_35211012.mp4|pexels_38321123.mp4|pexels_19036346.mp4
2026-10-01,Bakara_164,Muhammad Al-Luhaidan,yagmur,pexels_26524813.mp4|pexels_26793259.mp4|pexels_5046109.mp4
2026-10-01,Bakara_165-167,Muhammad Al-Luhaidan,firtina,pexels_33638648.mp4|pexels_39670864.mp4|pexels_6175187.mp4|pexels_34677977.mp4|pexels_32256485.mp4|pexels_31319238.mp4|pexels_31979057.mp4
2026-10-01,Bakara_168-170,Muhammad Al-Luhaidan,dag,pexels_19821061.mp4|pexels_38223240.mp4|pexels_35742076.mp4|pexels_38542426.mp4
2026-10-01,Bakara_171-173,Muhammad Al-Luhaidan,gundogumu,pexels_30220016.mp4|pexels_36738427.mp4|pexels_32160875.mp4|pexels_15365455.mp4
2026-10-01,Bakara_174-176,Muhammad Al-Luhaidan,firtina,pexels_33638650.mp4|pexels_37872699.mp4|pexels_28911911.mp4|pexels_31705190.mp4|pexels_20213550.mp4|pexels_15296877.mp4
2026-10-01,Bakara_177,Muhammad Al-Luhaidan,karisik,pexels_27998475.mp4|pexels_9855855.mp4|pexels_27916018.mp4|pexels_8549519.mp4|pexels_6010302.mp4|pexels_33873174.mp4
2026-10-01,Bakara_178-179,Muhammad Al-Luhaidan,firtina,pexels_12295796.mp4|pexels_39553996.mp4|pexels_33638649.mp4
2026-10-01,Bakara_180-182,Muhammad Al-Luhaidan,gundogumu,pexels_15365461.mp4|pexels_10740616.mp4|pexels_39690796.mp4
2026-10-01,Bakara_183-184,Muhammad Al-Luhaidan,karisik,pexels_33950952.mp4|pexels_9963489.mp4|pexels_34946482.mp4|pexels_34912718.mp4
2026-10-01,Bakara_185,Muhammad Al-Luhaidan,gundogumu,pexels_28332560.mp4|pexels_28079363.mp4|pexels_12598728.mp4
2026-10-01,Bakara_186,Muhammad Al-Luhaidan,karisik,pexels_11969125.mp4|pexels_9011099.mp4|pexels_19722431.mp4|pexels_17484329.mp4
2026-10-01,Bakara_187,Muhammad Al-Luhaidan,yildizlar,pexels_35150246.mp4|pexels_39026230.mp4|pexels_39005014.mp4|pexels_30039749.mp4|pexels_19071265.mp4
2026-10-01,Bakara_188-189,Muhammad Al-Luhaidan,karisik,pexels_5895563.mp4|pexels_38212223.mp4|pexels_30006525.mp4|pexels_8062894.mp4|pexels_5499807.mp4
2026-10-01,Bakara_190-193,Muhammad Al-Luhaidan,gundogumu,pexels_34398522.mp4|pexels_12279773.mp4|pexels_12279909.mp4|pexels_33536359.mp4|pexels_18999795.mp4|pexels_35781740.mp4
2026-10-01,Bakara_194-195,Muhammad Al-Luhaidan,karisik,pexels_33803707.mp4|pexels_27996798.mp4|pexels_27637593.mp4|pexels_35018640.mp4
2026-10-01,Bakara_196,Muhammad Al-Luhaidan,karisik,pexels_3998659.mp4|pexels_15554058.mp4|pexels_8090085.mp4|pexels_39562004.mp4|pexels_38144537.mp4|pexels_34799583.mp4
2026-10-01,Bakara_197-198,Muhammad Al-Luhaidan,gundogumu,pexels_30290378.mp4|pexels_38731252.mp4|pexels_32191727.mp4
2026-10-01,Bakara_199-202,Muhammad Al-Luhaidan,gundogumu,pexels_38295259.mp4|pexels_18169231.mp4|pexels_38731252.mp4|pexels_32160875.mp4|pexels_35918975.mp4
2026-10-01,Bakara_203-206,Muhammad Al-Luhaidan,firtina,pexels_9322612.mp4|pexels_39130215.mp4|pexels_20414184.mp4|pexels_39537199.mp4|pexels_11564923.mp4
2026-10-01,Bakara_207-209,Muhammad Al-Luhaidan,karisik,pexels_35206733.mp4|pexels_37649074.mp4|pexels_10395606.mp4|pexels_34757922.mp4
2026-10-01,Bakara_210-212,Muhammad Al-Luhaidan,firtina,pexels_33143041.mp4|pexels_35450534.mp4|pexels_8514198.mp4|pexels_39024911.mp4|pexels_39831591.mp4|pexels_14034844.mp4
2026-10-01,Bakara_213,Muhammad Al-Luhaidan,gundogumu,pexels_35527464.mp4|pexels_10740616.mp4|pexels_28079363.mp4
2026-10-01,Bakara_214,Muhammad Al-Luhaidan,dag,pexels_36146543.mp4|pexels_8062901.mp4|pexels_35500771.mp4|pexels_27604262.mp4|pexels_35118765.mp4
2026-10-01,Bakara_215-216,Muhammad Al-Luhaidan,karisik,pexels_34194923.mp4|pexels_20517921.mp4|pexels_14138643.mp4
2026-10-01,Bakara_217-218,Muhammad Al-Luhaidan,gundogumu,pexels_11189371.mp4|pexels_29976399.mp4|pexels_39425593.mp4|pexels_37365586.mp4
2026-10-01,Bakara_219-220,Muhammad Al-Luhaidan,col,pexels_35237402.mp4|pexels_28436975.mp4|pexels_36259626.mp4|pexels_28916972.mp4
2026-10-01,Bakara_221,Muhammad Al-Luhaidan,gundogumu,pexels_12278134.mp4|pexels_32191727.mp4|pexels_12278362.mp4
2026-10-01,Bakara_222-223,Muhammad Al-Luhaidan,yagmur,pexels_9764649.mp4|pexels_33867271.mp4|pexels_27590740.mp4|pexels_36207174.mp4
2026-10-01,Bakara_224-227,Muhammad Al-Luhaidan,gundogumu,pexels_28332560.mp4|pexels_12222644.mp4|pexels_35781731.mp4|pexels_35637549.mp4
2026-10-01,Bakara_228,Muhammad Al-Luhaidan,karisik,pexels_30282108.mp4|pexels_9538540.mp4|pexels_30474580.mp4
2026-10-01,Bakara_229,Muhammad Al-Luhaidan,firtina,pexels_34688784.mp4|pexels_38546572.mp4|pexels_34531572.mp4|pexels_30358980.mp4
2026-10-01,Bakara_230,Muhammad Al-Luhaidan,karisik,pexels_10831617.mp4|pexels_15441327.mp4
2026-10-01,Bakara_231,Muhammad Al-Luhaidan,karisik,pexels_34841449.mp4|pexels_10758612.mp4|pexels_10223234.mp4|pexels_26891698.mp4
2026-10-01,Bakara_232,Muhammad Al-Luhaidan,karisik,pexels_29946498.mp4|pexels_27109547.mp4|pexels_34722112.mp4
2026-10-01,Bakara_233,Muhammad Al-Luhaidan,karisik,pexels_29236674.mp4|pexels_37443591.mp4|pexels_32457191.mp4|pexels_31960561.mp4
2026-10-01,Bakara_234,Muhammad Al-Luhaidan,karisik,pexels_27722620.mp4|pexels_34750192.mp4|pexels_20176158.mp4
2026-10-01,Bakara_235,Muhammad Al-Luhaidan,gundogumu,pexels_34910728.mp4|pexels_29822947.mp4|pexels_35634004.mp4|pexels_36738427.mp4
2026-10-01,Bakara_236-237,Muhammad Al-Luhaidan,karisik,pexels_35823805.mp4|pexels_20525155.mp4|pexels_35022864.mp4|pexels_8865368.mp4
2026-10-01,Bakara_238-239,Muhammad Al-Luhaidan,karisik,pexels_32340120.mp4|pexels_36216582.mp4
2026-10-01,Bakara_240-242,Muhammad Al-Luhaidan,karisik,pexels_29102019.mp4|pexels_28903727.mp4|pexels_36702166.mp4|pexels_37854033.mp4|pexels_39561202.mp4
2026-10-01,Bakara_243-245,Muhammad Al-Luhaidan,gundogumu,pexels_34234729.mp4|pexels_18999795.mp4|pexels_32634790.mp4
2026-10-01,Bakara_246,Muhammad Al-Luhaidan,firtina,pexels_5057690.mp4|pexels_36330618.mp4|pexels_35830786.mp4|pexels_29326055.mp4
2026-10-01,Bakara_247-248,Muhammad Al-Luhaidan,karisik,pexels_11396958.mp4|pexels_5580491.mp4|pexels_34728311.mp4|pexels_34251914.mp4|pexels_37201217.mp4
2026-10-01,Bakara_249,Muhammad Al-Luhaidan,nehir,pexels_31002853.mp4|pexels_16190513.mp4|pexels_10882870.mp4|pexels_34770518.mp4|pexels_5162942.mp4
2026-10-01,Bakara_250-252,Muhammad Al-Luhaidan,gundogumu,pexels_12279909.mp4|pexels_38295259.mp4|pexels_33536359.mp4|pexels_32239554.mp4|pexels_15365452.mp4
2026-10-01,Bakara_253,Muhammad Al-Luhaidan,karisik,pexels_39407895.mp4|pexels_38542422.mp4|pexels_38708375.mp4|pexels_33098374.mp4
2026-10-01,Bakara_254,Muhammad Al-Luhaidan,firtina,pexels_6296992.mp4|pexels_27806595.mp4
2026-10-01,Bakara_255,Muhammad Al-Luhaidan,yildizlar,pexels_35150207.mp4|pexels_9376344.mp4|pexels_32873862.mp4|pexels_35461866.mp4
2026-10-01,Bakara_256-257,Muhammad Al-Luhaidan,firtina,pexels_32719391.mp4|pexels_13422097.mp4|pexels_36738426.mp4|pexels_33526159.mp4|pexels_36330618.mp4
2026-10-01,Bakara_258,Muhammad Al-Luhaidan,yagmur,pexels_8549582.mp4|pexels_8252866.mp4
2026-10-01,Bakara_259,Muhammad Al-Luhaidan,yagmur,pexels_7681543.mp4|pexels_39611011.mp4|pexels_32679329.mp4|pexels_32679331.mp4|pexels_15441326.mp4|pexels_7681522.mp4
2026-10-01,Bakara_260,Muhammad Al-Luhaidan,yagmur,pexels_11897264.mp4|pexels_24786300.mp4|pexels_34123263.mp4
2026-10-01,Bakara_261-262,Muhammad Al-Luhaidan,gundogumu,pexels_39078940.mp4|pexels_12279773.mp4|pexels_30220016.mp4|pexels_35178038.mp4|pexels_35781740.mp4
2026-10-01,Bakara_263-264,Muhammad Al-Luhaidan,yagmur,pexels_11487519.mp4|pexels_14622819.mp4|pexels_32765994.mp4|pexels_34158569.mp4|pexels_4536571.mp4
2026-10-01,Bakara_265-266,Muhammad Al-Luhaidan,yagmur,pexels_13689923.mp4|pexels_4536565.mp4|pexels_26646044.mp4|pexels_18291324.mp4|pexels_39030811.mp4|pexels_30794071.mp4
2026-10-01,Bakara_267-269,Muhammad Al-Luhaidan,gundogumu,pexels_39552223.mp4|pexels_35591202.mp4|pexels_20456710.mp4|pexels_12278141.mp4|pexels_15365461.mp4
2026-10-01,Bakara_270-271,Muhammad Al-Luhaidan,karisik,pexels_34209566.mp4|pexels_37885799.mp4
2026-10-01,Bakara_272-274,Muhammad Al-Luhaidan,gundogumu,pexels_18169231.mp4|pexels_39350738.mp4|pexels_34398522.mp4|pexels_39690796.mp4|pexels_15365455.mp4|pexels_30733728.mp4|pexels_12278135.mp4
2026-10-01,Bakara_275-276,Muhammad Al-Luhaidan,firtina,pexels_6296992.mp4|pexels_39553996.mp4|pexels_39670864.mp4
2026-10-01,Bakara_277-279,Muhammad Al-Luhaidan,gundogumu,pexels_30290378.mp4|pexels_12598728.mp4|pexels_35781731.mp4
2026-10-01,Bakara_280-281,Muhammad Al-Luhaidan,gundogumu,pexels_38731252.mp4|pexels_12278362.mp4|pexels_12278135.mp4|pexels_39690796.mp4
2026-10-01,Bakara_282,Muhammad Al-Luhaidan,karisik,pexels_33765600.mp4|pexels_29291028.mp4|pexels_9011088.mp4|pexels_34983648.mp4|pexels_34900804.mp4|pexels_38542184.mp4|pexels_39571466.mp4|pexels_29207403.mp4
2026-10-01,Bakara_283-284,Muhammad Al-Luhaidan,firtina,pexels_12295796.mp4|pexels_31979057.mp4|pexels_31705190.mp4|pexels_33526159.mp4
2026-10-01,Bakara_285-286,Muhammad Al-Luhaidan,gundogumu,pexels_32160875.mp4|pexels_28079363.mp4|pexels_12278141.mp4|pexels_15365461.mp4|pexels_35637549.mp4
2026-10-01,Nisa_1-2,Muhammad Al-Luhaidan,karisik,pexels_34584705.mp4|pexels_36006293.mp4|pexels_35224015.mp4
2026-10-01,Nisa_3-5,Muhammad Al-Luhaidan,gundogumu,pexels_34234729.mp4|pexels_29822947.mp4|pexels_32239554.mp4
2026-10-01,Nisa_6,Muhammad Al-Luhaidan,karisik,pexels_6047750.mp4|pexels_11968144.mp4|pexels_35981994.mp4
2026-10-01,Nisa_7-9,Muhammad Al-Luhaidan,karisik,pexels_13342361.mp4|pexels_38877996.mp4|pexels_36755682.mp4|pexels_15237846.mp4|pexels_27451221.mp4
2026-10-01,Nisa_10,Muhammad Al-Luhaidan,firtina,pexels_39103871.mp4|pexels_35830786.mp4|pexels_39831591.mp4
2026-10-01,Nisa_11,Muhammad Al-Luhaidan,karisik,pexels_27733032.mp4|pexels_20065901.mp4|pexels_37592292.mp4|pexels_11259192.mp4|pexels_4809087.mp4
2026-10-01,Nisa_12,Muhammad Al-Luhaidan,karisik,pexels_37904704.mp4|pexels_6368121.mp4|pexels_38041893.mp4|pexels_30474576.mp4|pexels_34415382.mp4
2026-10-01,Nisa_13-15,Muhammad Al-Luhaidan,firtina,pexels_34677977.mp4|pexels_36738426.mp4|pexels_37872699.mp4|pexels_38321123.mp4|pexels_39024911.mp4|pexels_35211012.mp4
2026-10-01,Nisa_16-17,Muhammad Al-Luhaidan,gundogumu,pexels_33536359.mp4|pexels_12279773.mp4|pexels_37365586.mp4|pexels_12222644.mp4|pexels_29976399.mp4
2026-10-01,Nisa_18-19,Muhammad Al-Luhaidan,firtina,pexels_33143041.mp4|pexels_39130215.mp4|pexels_33638649.mp4|pexels_32256485.mp4|pexels_32719391.mp4
2026-10-01,Nisa_20-22,Muhammad Al-Luhaidan,karisik,pexels_19975176.mp4|pexels_35284374.mp4|pexels_35118766.mp4|pexels_34443254.mp4
2026-10-01,Nisa_23,Muhammad Al-Luhaidan,gundogumu,pexels_12278134.mp4|pexels_30290378.mp4|pexels_39350738.mp4
2026-10-01,Nisa_24,Muhammad Al-Luhaidan,karisik,pexels_39451492.mp4|pexels_37406432.mp4|pexels_14172210.mp4|pexels_32096483.mp4
2026-10-01,Nisa_25,Muhammad Al-Luhaidan,gundogumu,pexels_36738427.mp4|pexels_28332560.mp4|pexels_39425593.mp4|pexels_12598728.mp4
2026-10-01,Nisa_26-28,Muhammad Al-Luhaidan,karisik,pexels_36527608.mp4|pexels_31128173.mp4|pexels_30763740.mp4
2026-10-01,Nisa_29-31,Muhammad Al-Luhaidan,firtina,pexels_33638648.mp4|pexels_27806595.mp4|pexels_13422097.mp4|pexels_28911911.mp4
2026-10-01,Nisa_32-33,Muhammad Al-Luhaidan,karisik,pexels_29533736.mp4|pexels_31938687.mp4|pexels_12549516.mp4
2026-10-01,Nisa_34-35,Muhammad Al-Luhaidan,karisik,pexels_20033801.mp4|pexels_30068609.mp4|pexels_28483577.mp4|pexels_38903410.mp4|pexels_12640160.mp4|pexels_31165915.mp4
2026-10-01,Nisa_36-38,Muhammad Al-Luhaidan,firtina,pexels_6175187.mp4|pexels_20414184.mp4|pexels_29326055.mp4|pexels_20213550.mp4|pexels_30358980.mp4
2026-10-01,Nisa_39-42,Muhammad Al-Luhaidan,yagmur,pexels_13444705.mp4|pexels_28912666.mp4|pexels_6436164.mp4|pexels_10336271.mp4|pexels_39224454.mp4|pexels_4536566.mp4|pexels_34719445.mp4
2026-10-01,Nisa_43,Muhammad Al-Luhaidan,gundogumu,pexels_11189371.mp4|pexels_34398522.mp4|pexels_30733728.mp4|pexels_38295259.mp4
2026-10-01,Nisa_44-46,Muhammad Al-Luhaidan,karisik,pexels_30677301.mp4|pexels_39407887.mp4|pexels_38978881.mp4|pexels_38968068.mp4|pexels_36330048.mp4
2026-10-01,Nisa_47-48,Muhammad Al-Luhaidan,gundogumu,pexels_35781740.mp4|pexels_35918975.mp4|pexels_35178038.mp4|pexels_35527464.mp4|pexels_34910728.mp4
2026-10-01,Nisa_49-53,Muhammad Al-Luhaidan,karisik,pexels_32229376.mp4|pexels_8832065.mp4|pexels_34982883.mp4|pexels_7892736.mp4
2026-10-01,Nisa_54-55,Muhammad Al-Luhaidan,firtina,pexels_15296877.mp4|pexels_5057690.mp4
2026-10-01,Nisa_56,Muhammad Al-Luhaidan,firtina,pexels_33638650.mp4|pexels_9322612.mp4|pexels_39537199.mp4|pexels_38546572.mp4
2026-10-01,Nisa_57-58,Muhammad Al-Luhaidan,gundogumu,pexels_32634790.mp4|pexels_32191727.mp4|pexels_15365452.mp4|pexels_10740616.mp4
2026-10-01,Nisa_59-60,Muhammad Al-Luhaidan,karisik,pexels_32201003.mp4|pexels_29035454.mp4|pexels_5091109.mp4
2026-10-01,Nisa_61-63,Muhammad Al-Luhaidan,karisik,pexels_35433009.mp4|pexels_38976183.mp4|pexels_17960798.mp4|pexels_18207100.mp4
2026-10-01,Nisa_64-65,Muhammad Al-Luhaidan,gundogumu,pexels_39552223.mp4|pexels_20456710.mp4|pexels_18999795.mp4
2026-10-01,Nisa_66-70,Muhammad Al-Luhaidan,gundogumu,pexels_39078940.mp4|pexels_30220016.mp4|pexels_18169231.mp4|pexels_35591202.mp4
2026-10-01,Nisa_71-73,Muhammad Al-Luhaidan,gundogumu,pexels_12279909.mp4|pexels_35634004.mp4|pexels_15365455.mp4
2026-10-01,Nisa_74-75,Muhammad Al-Luhaidan,sokak,pexels_15152662.mp4|pexels_39409995.mp4|pexels_35137306.mp4|pexels_34836774.mp4
2026-10-01,Nisa_76,Muhammad Al-Luhaidan,karisik,pexels_34377859.mp4|pexels_34636343.mp4
2026-10-01,Nisa_77,Muhammad Al-Luhaidan,karisik,pexels_28798096.mp4|pexels_39885802.mp4|pexels_32109765.mp4
2026-10-01,Nisa_78-79,Muhammad Al-Luhaidan,karisik,pexels_4311401.mp4|pexels_8872661.mp4|pexels_12694301.mp4|pexels_34906390.mp4
2026-10-01,Nisa_80-82,Muhammad Al-Luhaidan,yildizlar,pexels_3643095.mp4|pexels_27893808.mp4|pexels_11485362.mp4|pexels_12771795.mp4|pexels_39361831.mp4|pexels_30182682.mp4|pexels_32349013.mp4
2026-10-01,Nisa_83-84,Muhammad Al-Luhaidan,firtina,pexels_31319238.mp4|pexels_34688784.mp4|pexels_14034844.mp4|pexels_34531572.mp4
2026-10-01,Nisa_85-87,Muhammad Al-Luhaidan,firtina,pexels_19036346.mp4|pexels_11564923.mp4|pexels_35450534.mp4|pexels_8514198.mp4|pexels_15296877.mp4
2026-10-01,Nisa_88-89,Muhammad Al-Luhaidan,karisik,pexels_39565091.mp4|pexels_12493739.mp4|pexels_35257536.mp4|pexels_12213707.mp4
2026-10-01,Nisa_90,Muhammad Al-Luhaidan,karisik,pexels_19082233.mp4|pexels_34960304.mp4|pexels_31898074.mp4
2026-10-01,Nisa_91,Muhammad Al-Luhaidan,karisik,pexels_28379897.mp4|pexels_32108749.mp4
2026-10-01,Nisa_92,Muhammad Al-Luhaidan,gundogumu,pexels_39425593.mp4|pexels_12279909.mp4|pexels_12222644.mp4|pexels_18169231.mp4
2026-10-01,Nisa_93,Muhammad Al-Luhaidan,firtina,pexels_33638649.mp4|pexels_35211012.mp4|pexels_39537199.mp4
2026-10-01,Nisa_94,Muhammad Al-Luhaidan,karisik,pexels_30054113.mp4|pexels_38217962.mp4|pexels_33098321.mp4
2026-10-01,Nisa_95-96,Muhammad Al-Luhaidan,gundogumu,pexels_32634790.mp4|pexels_32191727.mp4|pexels_12278141.mp4
2026-10-01,Nisa_97,Muhammad Al-Luhaidan,firtina,pexels_31705190.mp4|pexels_33638648.mp4
2026-10-01,Nisa_98-99,Muhammad Al-Luhaidan,gundogumu,pexels_29976399.mp4|pexels_36738427.mp4|pexels_35591202.mp4
2026-10-01,Nisa_100-101,Muhammad Al-Luhaidan,gundogumu,pexels_38731252.mp4|pexels_29822947.mp4|pexels_35781731.mp4
2026-10-01,Nisa_102,Muhammad Al-Luhaidan,firtina,pexels_39831591.mp4|pexels_33638650.mp4|pexels_6296992.mp4|pexels_34531572.mp4|pexels_6175187.mp4|pexels_28911911.mp4
2026-10-01,Nisa_103-104,Muhammad Al-Luhaidan,karisik,pexels_18185371.mp4|pexels_31202696.mp4|pexels_35257528.mp4
2026-10-01,Nisa_105-107,Muhammad Al-Luhaidan,gundogumu,pexels_12278362.mp4|pexels_35637549.mp4
2026-10-01,Nisa_108-110,Muhammad Al-Luhaidan,gundogumu,pexels_33536359.mp4|pexels_35634004.mp4|pexels_37365586.mp4|pexels_12278135.mp4|pexels_34910728.mp4|pexels_30733728.mp4
2026-10-01,Nisa_111-113,Muhammad Al-Luhaidan,gundogumu,pexels_39350738.mp4|pexels_39552223.mp4|pexels_20456710.mp4|pexels_39078940.mp4
2026-10-01,Nisa_114-115,Muhammad Al-Luhaidan,firtina,pexels_39130215.mp4|pexels_36330618.mp4|pexels_9322612.mp4|pexels_31979057.mp4
2026-10-01,Nisa_116-118,Muhammad Al-Luhaidan,gundogumu,pexels_18999795.mp4|pexels_32160875.mp4|pexels_15365455.mp4
2026-10-01,Nisa_119-121,Muhammad Al-Luhaidan,firtina,pexels_33143041.mp4|pexels_38546572.mp4|pexels_11564923.mp4
2026-10-01,Nisa_122-123,Muhammad Al-Luhaidan,gundogumu,pexels_12278134.mp4|pexels_10740616.mp4
2026-10-01,Nisa_124-126,Muhammad Al-Luhaidan,gundogumu,pexels_30220016.mp4|pexels_34398522.mp4|pexels_35527464.mp4|pexels_15365452.mp4|pexels_39690796.mp4
2026-10-01,Nisa_127,Muhammad Al-Luhaidan,karisik,pexels_12902302.mp4|pexels_34254841.mp4|pexels_11341089.mp4|pexels_29840867.mp4
2026-10-01,Nisa_128-130,Muhammad Al-Luhaidan,gundogumu,pexels_15365461.mp4|pexels_28332560.mp4|pexels_35178038.mp4|pexels_32239554.mp4
2026-10-01,Nisa_131-134,Muhammad Al-Luhaidan,yildizlar,pexels_17670609.mp4|pexels_31973058.mp4|pexels_35150246.mp4|pexels_35461866.mp4|pexels_30292400.mp4|pexels_30054113.mp4
2026-10-01,Nisa_135,Muhammad Al-Luhaidan,karisik,pexels_6734777.mp4|pexels_35625474.mp4|pexels_29517838.mp4
2026-10-01,Nisa_136-138,Muhammad Al-Luhaidan,gundogumu,pexels_12598728.mp4|pexels_38295259.mp4|pexels_35918975.mp4|pexels_12279773.mp4
2026-10-01,Nisa_139-140,Muhammad Al-Luhaidan,firtina,pexels_39553996.mp4|pexels_5057690.mp4
2026-10-01,Nisa_141,Muhammad Al-Luhaidan,firtina,pexels_33526159.mp4|pexels_20213550.mp4|pexels_34677977.mp4
2026-10-01,Nisa_142-143,Muhammad Al-Luhaidan,karisik,pexels_38041891.mp4|pexels_18365264.mp4|pexels_5873620.mp4|pexels_26616714.mp4
2026-10-01,Nisa_144-145,Muhammad Al-Luhaidan,firtina,pexels_29326055.mp4|pexels_30358980.mp4
2026-10-01,Nisa_146-148,Muhammad Al-Luhaidan,firtina,pexels_32256485.mp4|pexels_13422097.mp4|pexels_35830786.mp4|pexels_36738426.mp4|pexels_39670864.mp4
2026-10-01,Nisa_149-151,Muhammad Al-Luhaidan,firtina,pexels_37872699.mp4|pexels_31319238.mp4|pexels_20414184.mp4|pexels_39024911.mp4|pexels_35450534.mp4
2026-10-01,Nisa_152-153,Muhammad Al-Luhaidan,gundogumu,pexels_11189371.mp4|pexels_35781740.mp4|pexels_30290378.mp4
2026-10-01,Nisa_154-156,Muhammad Al-Luhaidan,karisik,pexels_19166292.mp4|pexels_31643898.mp4|pexels_8062892.mp4|pexels_10373029.mp4
2026-10-01,Nisa_157-160,Muhammad Al-Luhaidan,firtina,pexels_38321123.mp4|pexels_34688784.mp4|pexels_12295796.mp4|pexels_14034844.mp4|pexels_27806595.mp4
2026-10-01,Nisa_161-162,Muhammad Al-Luhaidan,firtina,pexels_32719391.mp4|pexels_8514198.mp4|pexels_39103871.mp4|pexels_19036346.mp4
2026-10-01,Nisa_163-165,Muhammad Al-Luhaidan,gundogumu,pexels_34234729.mp4|pexels_28079363.mp4|pexels_12278135.mp4
2026-10-01,Nisa_166-170,Muhammad Al-Luhaidan,gundogumu,pexels_35637549.mp4|pexels_10740616.mp4|pexels_20456710.mp4|pexels_28332560.mp4|pexels_32634790.mp4
2026-10-01,Nisa_171-172,Muhammad Al-Luhaidan,yildizlar,pexels_39361831.mp4|pexels_32873862.mp4|pexels_31973058.mp4|pexels_17670609.mp4|pexels_29644226.mp4|pexels_35206733.mp4|pexels_37304500.mp4
2026-10-01,Nisa_173-175,Muhammad Al-Luhaidan,gundogumu,pexels_28079363.mp4|pexels_15365461.mp4|pexels_30220016.mp4
2026-10-01,Nisa_176,Muhammad Al-Luhaidan,karisik,pexels_26616716.mp4|pexels_38492945.mp4|pexels_32211024.mp4
2026-10-06,Maide_1-2,Muhammad Al-Luhaidan,firtina,pexels_30358980.mp4|pexels_37872699.mp4|pexels_39553996.mp4|pexels_32256485.mp4|pexels_39130215.mp4|pexels_31705190.mp4
2026-10-06,Maide_3,Muhammad Al-Luhaidan,gundogumu,pexels_32191727.mp4|pexels_35634004.mp4|pexels_35178038.mp4|pexels_39078940.mp4|pexels_39690796.mp4
2026-10-06,Maide_4-5,Muhammad Al-Luhaidan,karisik,pexels_32633111.mp4|pexels_14490888.mp4|pexels_32634121.mp4|pexels_8230576.mp4|pexels_39608553.mp4|pexels_35697985.mp4|pexels_34231319.mp4
2026-10-06,Maide_6,Muhammad Al-Luhaidan,karisik,pexels_12661164.mp4|pexels_7379774.mp4|pexels_16668201.mp4|pexels_27946622.mp4|pexels_30169690.mp4|pexels_39107546.mp4|pexels_38679620.mp4
2026-10-06,Maide_7-8,Muhammad Al-Luhaidan,karisik,pexels_38627422.mp4|pexels_34535413.mp4|pexels_32017498.mp4|pexels_38012035.mp4
2026-10-06,Maide_9-11,Muhammad Al-Luhaidan,gundogumu,pexels_32239554.mp4|pexels_39425593.mp4|pexels_12598728.mp4|pexels_18999795.mp4
2026-10-06,Maide_12,Muhammad Al-Luhaidan,gundogumu,pexels_35781731.mp4|pexels_12278362.mp4|pexels_12278141.mp4|pexels_38731252.mp4|pexels_12279909.mp4
2026-10-06,Maide_13-14,Muhammad Al-Luhaidan,firtina,pexels_14034844.mp4|pexels_13422097.mp4|pexels_39537199.mp4|pexels_9322612.mp4
2026-10-06,Maide_15-16,Muhammad Al-Luhaidan,gundogumu,pexels_29822947.mp4|pexels_30733728.mp4|pexels_32160875.mp4|pexels_15365455.mp4|pexels_12279773.mp4
2026-10-06,Maide_17,Muhammad Al-Luhaidan,dag,pexels_36233964.mp4|pexels_30719906.mp4|pexels_30277102.mp4|pexels_4434160.mp4
2026-10-06,Maide_18-19,Muhammad Al-Luhaidan,gundogumu,pexels_11189371.mp4|pexels_12278134.mp4|pexels_35918975.mp4|pexels_39350738.mp4|pexels_18169231.mp4|pexels_35591202.mp4
2026-10-06,Maide_20-22,Muhammad Al-Luhaidan,yagmur,pexels_37603101.mp4|pexels_7681539.mp4|pexels_33002305.mp4|pexels_7681539.mp4|pexels_7681521.mp4|pexels_33002305.mp4
2026-10-06,Maide_23-26,Muhammad Al-Luhaidan,dag,pexels_31766502.mp4|pexels_34355715.mp4|pexels_19906163.mp4|pexels_33760909.mp4|pexels_33452319.mp4|pexels_35259662.mp4|pexels_32200251.mp4
2026-10-06,Maide_27-29,Muhammad Al-Luhaidan,firtina,pexels_39670864.mp4|pexels_28911911.mp4|pexels_39103871.mp4|pexels_5057690.mp4
2026-10-06,Maide_30-31,Muhammad Al-Luhaidan,karisik,pexels_13663887.mp4|pexels_26628210.mp4|pexels_38867178.mp4
2026-10-06,Maide_32,Muhammad Al-Luhaidan,dag,pexels_35118766.mp4|pexels_39107546.mp4|pexels_38041891.mp4|pexels_8062901.mp4
2026-10-06,Maide_33-34,Muhammad Al-Luhaidan,gundogumu,pexels_39552223.mp4|pexels_12222644.mp4|pexels_38295259.mp4|pexels_29976399.mp4
2026-10-06,Maide_35-37,Muhammad Al-Luhaidan,firtina,pexels_6175187.mp4|pexels_39024911.mp4|pexels_27806595.mp4|pexels_36330618.mp4|pexels_15296877.mp4|pexels_35211012.mp4
2026-10-06,Maide_38-40,Muhammad Al-Luhaidan,gundogumu,pexels_30290378.mp4|pexels_35781740.mp4|pexels_34234729.mp4|pexels_37365586.mp4
2026-10-06,Maide_41,Muhammad Al-Luhaidan,firtina,pexels_38321123.mp4|pexels_33638649.mp4|pexels_34677977.mp4|pexels_29326055.mp4|pexels_11564923.mp4
2026-10-06,Maide_42-43,Muhammad Al-Luhaidan,karisik,pexels_37635633.mp4|pexels_34040063.mp4|pexels_39640265.mp4|pexels_28344358.mp4
2026-10-06,Maide_44,Muhammad Al-Luhaidan,gundogumu,pexels_39552223.mp4|pexels_15365452.mp4|pexels_28079363.mp4|pexels_36738427.mp4
2026-10-06,Maide_45,Muhammad Al-Luhaidan,firtina,pexels_31979057.mp4|pexels_38546572.mp4|pexels_33526159.mp4
2026-10-06,Maide_46-47,Muhammad Al-Luhaidan,gundogumu,pexels_32160875.mp4|pexels_18999795.mp4|pexels_35527464.mp4|pexels_34234729.mp4|pexels_35178038.mp4|pexels_35918975.mp4
2026-10-06,Maide_48,Muhammad Al-Luhaidan,karisik,pexels_37398282.mp4|pexels_31404155.mp4|pexels_14695773.mp4|pexels_29061307.mp4|pexels_31755232.mp4
2026-10-06,Maide_49-50,Muhammad Al-Luhaidan,karisik,pexels_18500172.mp4|pexels_38450638.mp4|pexels_34806988.mp4|pexels_7895824.mp4|pexels_26616764.mp4
2026-10-06,Maide_51-53,Muhammad Al-Luhaidan,firtina,pexels_39670864.mp4|pexels_20414184.mp4|pexels_34688784.mp4|pexels_6296992.mp4|pexels_33638648.mp4|pexels_20213550.mp4
2026-10-06,Maide_54,Muhammad Al-Luhaidan,karisik,pexels_34653039.mp4|pexels_37894791.mp4|pexels_10358343.mp4|pexels_11340265.mp4|pexels_24811239.mp4
2026-10-06,Maide_55-56,Muhammad Al-Luhaidan,karisik,pexels_6353217.mp4|pexels_29658067.mp4
2026-10-06,Maide_57-59,Muhammad Al-Luhaidan,karisik,pexels_38045036.mp4|pexels_38235492.mp4|pexels_10313456.mp4|pexels_5988807.mp4|pexels_12936832.mp4
2026-10-06,Maide_60-61,Muhammad Al-Luhaidan,firtina,pexels_39553996.mp4|pexels_11564923.mp4|pexels_39103871.mp4
2026-10-06,Maide_62-63,Muhammad Al-Luhaidan,karisik,pexels_31951919.mp4|pexels_37904736.mp4|pexels_31590048.mp4
2026-10-06,Maide_64,Muhammad Al-Luhaidan,firtina,pexels_27806595.mp4|pexels_36738426.mp4|pexels_31319238.mp4|pexels_14034844.mp4|pexels_12295796.mp4
2026-10-06,Maide_65-67,Muhammad Al-Luhaidan,gundogumu,pexels_30290378.mp4|pexels_34398522.mp4|pexels_10740616.mp4|pexels_35591202.mp4|pexels_35781740.mp4|pexels_34910728.mp4
2026-10-06,Maide_68-69,Muhammad Al-Luhaidan,karisik,pexels_29579927.mp4|pexels_34697065.mp4|pexels_31424971.mp4|pexels_37180549.mp4|pexels_29955607.mp4
2026-10-06,Maide_70-71,Muhammad Al-Luhaidan,karisik,pexels_14506003.mp4|pexels_19638767.mp4|pexels_10869006.mp4|pexels_9620654.mp4|pexels_35810849.mp4
2026-10-06,Maide_72-73,Muhammad Al-Luhaidan,firtina,pexels_31705190.mp4|pexels_35450534.mp4|pexels_39831591.mp4|pexels_32719391.mp4|pexels_34531572.mp4
2026-10-06,Maide_74-75,Muhammad Al-Luhaidan,gundogumu,pexels_39078940.mp4|pexels_32239554.mp4|pexels_29976399.mp4
2026-10-06,Maide_76-77,Muhammad Al-Luhaidan,karisik,pexels_29933016.mp4|pexels_38498382.mp4|pexels_34983358.mp4
2026-10-06,Maide_78-79,Muhammad Al-Luhaidan,karisik,pexels_37184130.mp4|pexels_14134826.mp4|pexels_35485871.mp4|pexels_27637925.mp4
2026-10-06,Maide_80-81,Muhammad Al-Luhaidan,firtina,pexels_32256485.mp4|pexels_35211012.mp4|pexels_34531572.mp4|pexels_36738426.mp4
2026-10-06,Maide_82-83,Muhammad Al-Luhaidan,firtina,pexels_8514198.mp4|pexels_39537199.mp4|pexels_38546572.mp4|pexels_33638650.mp4
2026-10-06,Maide_84-86,Muhammad Al-Luhaidan,gundogumu,pexels_32191727.mp4|pexels_11189371.mp4|pexels_33536359.mp4|pexels_12222644.mp4
2026-10-06,Maide_87-88,Muhammad Al-Luhaidan,karisik,pexels_20463894.mp4|pexels_38605758.mp4
2026-10-06,Maide_89,Muhammad Al-Luhaidan,karisik,pexels_35450380.mp4|pexels_30474697.mp4|pexels_34162473.mp4|pexels_17486470.mp4
2026-10-06,Maide_90-91,Muhammad Al-Luhaidan,col,pexels_24811240.mp4|pexels_36674187.mp4|pexels_27515274.mp4|pexels_25463015.mp4
2026-10-06,Maide_92-93,Muhammad Al-Luhaidan,karisik,pexels_34722098.mp4|pexels_37225548.mp4|pexels_12476172.mp4
2026-10-06,Maide_94-95,Muhammad Al-Luhaidan,firtina,pexels_29326055.mp4|pexels_36330618.mp4|pexels_33526159.mp4|pexels_39130215.mp4|pexels_12295796.mp4|pexels_33638649.mp4|pexels_35830786.mp4
2026-10-06,Maide_96-97,Muhammad Al-Luhaidan,deniz,pexels_27098615.mp4|pexels_17086197.mp4|pexels_27675468.mp4|pexels_35257539.mp4
2026-10-06,Maide_98-100,Muhammad Al-Luhaidan,gundogumu,pexels_29822947.mp4|pexels_12278141.mp4|pexels_18169231.mp4
2026-10-06,Maide_101-102,Muhammad Al-Luhaidan,gundogumu,pexels_39690796.mp4|pexels_36738427.mp4|pexels_33536359.mp4
2026-10-06,Maide_103-105,Muhammad Al-Luhaidan,karisik,pexels_15674227.mp4|pexels_16453401.mp4|pexels_18298848.mp4|pexels_37203795.mp4|pexels_14034811.mp4|pexels_7312216.mp4
2026-10-06,Maide_106,Muhammad Al-Luhaidan,karisik,pexels_33718460.mp4|pexels_38433795.mp4|pexels_8107426.mp4|pexels_12196984.mp4|pexels_35289371.mp4|pexels_4812207.mp4
2026-10-06,Maide_107-108,Muhammad Al-Luhaidan,firtina,pexels_15296877.mp4|pexels_6175187.mp4|pexels_5057690.mp4|pexels_19036346.mp4
2026-10-06,Maide_109-110,Muhammad Al-Luhaidan,karisik,pexels_35458023.mp4|pexels_34799583.mp4|pexels_25242933.mp4|pexels_17997222.mp4|pexels_38563548.mp4|pexels_38406193.mp4
2026-10-06,Maide_111-112,Muhammad Al-Luhaidan,yildizlar,pexels_9376344.mp4|pexels_39005014.mp4|pexels_38957094.mp4|pexels_31938687.mp4
2026-10-06,Maide_113-115,Muhammad Al-Luhaidan,firtina,pexels_8514198.mp4|pexels_33143041.mp4|pexels_30358980.mp4|pexels_9322612.mp4|pexels_33143041.mp4|pexels_9322612.mp4
2026-10-06,Maide_116-117,Muhammad Al-Luhaidan,firtina,pexels_33638648.mp4|pexels_27806595.mp4|pexels_33638650.mp4|pexels_13422097.mp4|pexels_34688784.mp4
2026-10-06,Maide_118-120,Muhammad Al-Luhaidan,gundogumu,pexels_35634004.mp4|pexels_12278134.mp4|pexels_38731252.mp4|pexels_15365461.mp4|pexels_28332560.mp4|pexels_35637549.mp4
