tarih,dosya,youtube_id
2026-10-01,Bakara_83-84,yZMoBHFP6Cg
2026-10-01,Bakara_85-86,5TmQwTrzGcw
2026-10-01,Bakara_87-88,-KZxrSniPP0
2026-10-02,Bakara_89-91,of8KpyDOUes
2026-10-02,Bakara_92-93,x6pDZiJpPjY
2026-10-03,Bakara_94-96,OQ_cyo5TEcY
2026-10-03,Bakara_97-98,UzJN9EqIuiU
2026-10-04,Bakara_99-101,gr78Vt_eMeg
2026-10-04,Bakara_102,U1S4o8Wpo6U
2026-10-05,Bakara_103-105,3QOGQ6riPEE
2026-10-05,Bakara_106-108,mT_lBOZi1pQ
2026-10-06,Bakara_109-110,O6FNvtKePj0
2026-10-06,Bakara_111-112,-dzu5ccPMPk
2026-10-07,Bakara_113-115,Wp6W48q2TcU
2026-10-07,Bakara_116-118,lCQScBEBFnM
2026-10-08,Bakara_119-121,CGLXmTPMrZE
